timestamp,close,volume,trade_count,vwap
2016-01-04,201.0192,225903783.0,655489.0,199.753436
2016-01-05,201.36,112719152.0,418709.0,201.08538
2016-01-06,198.82,153948196.0,548386.0,198.839872
2016-01-07,194.05,216191953.0,796451.0,195.202134
2016-01-08,191.923,216105404.0,754102.0,193.673322
2016-01-11,192.11,205368067.0,701548.0,191.73331
2016-01-12,193.6608,175844276.0,635749.0,192.886175
2016-01-13,188.83,223632834.0,812694.0,191.02704
2016-01-14,191.93,243821116.0,824320.0,190.932282
2016-01-15,187.81,333774073.0,1104776.0,187.392956
2016-01-19,188.06,207102007.0,700807.0,188.292481
2016-01-20,185.65,293247287.0,1102479.0,184.047582
2016-01-21,186.69,199821181.0,805415.0,187.015691
2016-01-22,190.52,171389049.0,613543.0,189.957634
2016-01-25,187.64,135298156.0,489715.0,188.906784
2016-01-26,190.2,143190788.0,498828.0,189.66909
2016-01-27,188.13,189479992.0,744100.0,189.290563
2016-01-28,189.11,145256707.0,618989.0,188.96069
2016-01-29,193.7208,226671934.0,637145.0,192.41367
2016-02-01,193.65,139106693.0,488411.0,193.202223
2016-02-02,190.16,183818148.0,575174.0,190.665085
2016-02-03,191.3,206689208.0,885130.0,189.533173
2016-02-04,191.6,140494107.0,638013.0,191.286811
2016-02-05,187.95,183498109.0,666599.0,188.62584
2016-02-08,185.42,193210895.0,769589.0,184.364566
2016-02-09,185.43,187349355.0,786774.0,185.058705
2016-02-10,185.27,149270874.0,657626.0,186.662159
2016-02-11,182.86,220503168.0,877027.0,182.644101
2016-02-12,186.63,132827109.0,521864.0,185.601668
2016-02-16,189.78,124806967.0,447874.0,189.045341
2016-02-17,192.88,137936059.0,531583.0,192.458324
2016-02-18,192.09,103630950.0,459680.0,192.358563
2016-02-19,192.0,117844861.0,424661.0,191.522214
2016-02-22,194.78,110378274.0,360507.0,194.558829
2016-02-23,192.32,112962491.0,434602.0,192.984896
2016-02-24,193.2,159573885.0,588124.0,191.410962
2016-02-25,195.54,114169518.0,417790.0,194.246745
2016-02-26,195.0892,133322130.0,461021.0,195.707545
2016-02-29,193.35,130754750.0,428044.0,194.75753
2016-03-01,198.11,149240057.0,495960.0,196.920446
2016-03-02,199.0,105710824.0,424659.0,198.181068
2016-03-03,199.775,99753935.0,372930.0,198.974139
2016-03-04,200.43,130997120.0,497772.0,200.291078
2016-03-07,200.59,103795836.0,376260.0,200.16169
2016-03-08,198.4,130694666.0,503031.0,198.963577
2016-03-09,199.38,99817255.0,366554.0,199.211441
2016-03-10,199.54,162803575.0,629939.0,199.085366
2016-03-11,202.76,140096982.0,426087.0,202.087419
2016-03-14,202.5,75780385.0,297697.0,202.465303
2016-03-15,202.17,100377847.0,322276.0,201.74184
2016-03-16,203.34,134058622.0,497352.0,202.792213
2016-03-17,204.63,142855629.0,424816.0,204.33736
2016-03-18,204.38,143516983.0,448892.0,204.373264
2016-03-21,204.67,74822013.0,281086.0,204.468116
2016-03-22,204.56,102471246.0,334193.0,204.604048
2016-03-23,203.2092,82298399.0,348025.0,203.652408
2016-03-24,203.12,87233294.0,309977.0,202.527119
2016-03-28,203.24,65368442.0,265041.0,203.316195
2016-03-29,205.1208,95285880.0,370202.0,204.127735
2016-03-30,206.02,88696267.0,336442.0,206.262231
2016-03-31,205.52,100166636.0,330389.0,205.876622
2016-04-01,206.92,121327177.0,396906.0,206.051177
2016-04-04,206.25,68935505.0,249273.0,206.399366
2016-04-05,204.19,101675003.0,351546.0,204.539341
2016-04-06,206.42,94201589.0,391435.0,205.402711
2016-04-07,203.95,116797387.0,411651.0,204.167771
2016-04-08,204.4992,100794149.0,352141.0,204.81197
2016-04-11,204.0201,89038432.0,326083.0,204.888751
2016-04-12,205.92,121854818.0,381769.0,205.317962
2016-04-13,208.0008,98621124.0,353011.0,207.512365
2016-04-14,208.01,66100211.0,263287.0,208.090061
2016-04-15,207.78,81571942.0,250756.0,207.81278
2016-04-18,209.2392,86830877.0,268237.0,208.713793
2016-04-19,209.9,93991305.0,324662.0,209.712674
2016-04-20,210.1,83948233.0,266778.0,210.212763
2016-04-21,208.97,88507080.0,294913.0,209.343908
2016-04-22,208.97,102897804.0,298987.0,208.671161
2016-04-25,208.61,68254384.0,249189.0,208.127977
2016-04-26,208.9192,77760627.0,240412.0,208.868953
2016-04-27,209.35,78644503.0,313990.0,208.969592
2016-04-28,207.4475,100253853.0,358902.0,208.390115
2016-04-29,206.3308,144936158.0,478153.0,206.003418
2016-05-02,207.97,64747229.0,263586.0,207.342533
2016-05-03,206.1592,108050343.0,377523.0,206.047375
2016-05-04,205.01,94995641.0,345266.0,205.039602
2016-05-05,204.97,68425268.0,280626.0,205.133936
2016-05-06,205.72,90999800.0,340162.0,204.909615
2016-05-09,205.8892,77473702.0,263992.0,205.914146
2016-05-10,208.45,83146025.0,267370.0,207.855943
2016-05-11,206.5,83432071.0,295515.0,207.320478
2016-05-12,206.56,91887593.0,344299.0,206.419633
2016-05-13,204.76,98435290.0,359052.0,205.550659
2016-05-16,206.78,83103119.0,286053.0,206.454012
2016-05-17,204.8508,116888072.0,415428.0,205.340012
2016-05-18,204.91,125142123.0,500616.0,204.883855
2016-05-19,204.2,119047691.0,442752.0,203.632781
2016-05-20,205.49,110730416.0,332581.0,205.53179
2016-05-23,205.21,59875738.0,233567.0,205.420582
2016-05-24,207.87,99751086.0,309192.0,207.585677
2016-05-25,209.28,80831278.0,290102.0,209.298202
2016-05-26,209.34,56427942.0,206445.0,209.32729
2016-05-27,210.24,65103644.0,239659.0,209.893491
2016-05-31,209.84,115528767.0,351158.0,209.980504
2016-06-01,210.27,72128809.0,285414.0,209.831721
2016-06-02,210.91,64142591.0,253459.0,210.188481
2016-06-03,210.28,103314540.0,373270.0,209.915803
2016-06-06,211.35,66019265.0,264565.0,211.258864
2016-06-07,211.68,62195670.0,229779.0,211.896838
2016-06-08,212.37,67223412.0,245008.0,212.180556
2016-06-09,212.08,79562682.0,262672.0,211.682995
2016-06-10,210.07,119349844.0,368332.0,210.124642
2016-06-13,208.4492,120424779.0,398886.0,209.290582
2016-06-14,208.04,126482782.0,496234.0,207.698722
2016-06-15,207.75,110436117.0,407007.0,208.516669
2016-06-16,208.37,152209979.0,507531.0,207.146854
2016-06-17,206.52,120421258.0,390850.0,206.555286
2016-06-20,207.85,85811558.0,357371.0,208.74955
2016-06-21,208.44,73505907.0,296434.0,208.362721
2016-06-22,208.1,97367183.0,380380.0,208.618721
2016-06-23,210.81,105993501.0,355305.0,210.111393
2016-06-24,203.2425,343093583.0,1251810.0,204.61447
2016-06-27,199.6,257357946.0,913197.0,199.689967
2016-06-28,203.1997,162729160.0,588024.0,202.126558
2016-06-29,206.66,143671208.0,487307.0,206.045046
2016-06-30,209.475,170549804.0,523229.0,208.430479
2016-07-01,209.9208,109747535.0,373381.0,209.978347
2016-07-05,208.41,112922479.0,393451.0,208.3359
2016-07-06,209.66,97346449.0,394877.0,208.619958
2016-07-07,209.526,86435035.0,325106.0,209.589382
2016-07-08,212.65,136866206.0,419742.0,212.131147
2016-07-11,213.4,76256923.0,268258.0,213.611391
2016-07-12,214.95,104412106.0,315182.0,214.88372
2016-07-13,214.92,88007302.0,280917.0,214.90922
2016-07-14,216.12,94288567.0,301338.0,216.219179
2016-07-15,215.83,108683572.0,274737.0,215.967094
2016-07-18,216.4092,60921471.0,197970.0,216.331401
2016-07-19,216.19,56657310.0,188879.0,215.946517
2016-07-20,217.085,60778151.0,189368.0,217.023307
2016-07-21,216.265,69685508.0,235305.0,216.492324
2016-07-22,217.24,64522068.0,208859.0,216.911044
2016-07-25,216.65,60254740.0,197255.0,216.426258
2016-07-26,216.75,71365930.0,247626.0,216.484462
2016-07-27,216.52,85206422.0,283300.0,216.483937
2016-07-28,216.77,66239924.0,233188.0,216.410789
2016-07-29,217.12,82446690.0,259855.0,217.056753
2016-08-01,216.94,74800003.0,265474.0,216.90088
2016-08-02,215.5492,94483409.0,328144.0,215.429213
2016-08-03,216.18,55008546.0,191880.0,215.812251
2016-08-04,216.4097,47246246.0,188057.0,216.35563
2016-08-05,218.18,75691342.0,239146.0,217.959118
2016-08-08,218.05,40617066.0,159083.0,218.058648
2016-08-09,218.18,53416527.0,186530.0,218.274546
2016-08-10,217.64,60544380.0,204751.0,217.712836
2016-08-11,218.65,77933381.0,208564.0,218.635032
2016-08-12,218.46,64639165.0,180220.0,218.386894
2016-08-15,219.09,52297889.0,177212.0,219.248183
2016-08-16,217.96,54240691.0,212296.0,218.319371
2016-08-17,218.37,78483835.0,269033.0,217.853425
2016-08-18,218.86,54909743.0,184983.0,218.625449
2016-08-19,218.54,77942278.0,220547.0,218.384022
2016-08-22,218.53,62680971.0,219700.0,218.34932
2016-08-23,218.97,54339276.0,191722.0,219.247271
2016-08-24,217.85,75222245.0,220661.0,218.172543
2016-08-25,217.7,71938007.0,206082.0,217.670494
2016-08-26,217.29,124870782.0,435402.0,217.565734
2016-08-29,218.3608,71765064.0,202662.0,218.28274
2016-08-30,218.0,59557959.0,207929.0,217.878779
2016-08-31,217.38,88486238.0,284706.0,217.208912
2016-09-01,217.39,99634892.0,327520.0,216.948756
2016-09-02,218.37,80873239.0,286256.0,218.335368
2016-09-06,219.0308,57666111.0,191793.0,218.554295
2016-09-07,219.01,78270207.0,201197.0,218.837199
2016-09-08,218.51,75038041.0,240877.0,218.556804
2016-09-09,213.28,225208081.0,631513.0,214.992486
2016-09-12,216.34,171244681.0,551966.0,215.006274
2016-09-13,213.23,186474581.0,623054.0,213.50936
2016-09-14,213.13,135178442.0,431286.0,213.479691
2016-09-15,215.27,153822688.0,420056.0,214.621469
2016-09-16,213.36,159185201.0,388079.0,213.156793
2016-09-19,213.3992,82784712.0,285918.0,213.919029
2016-09-20,213.45,70328238.0,226450.0,213.940876
2016-09-21,215.78,112402729.0,434886.0,214.665196
2016-09-22,217.18,78780269.0,282158.0,217.184738
2016-09-23,216.02,74988918.0,243467.0,216.362723
2016-09-26,214.2,98271875.0,297240.0,214.45161
2016-09-27,215.56,80308959.0,260461.0,215.020112
2016-09-28,216.62,89336825.0,280434.0,215.876143
2016-09-29,214.75,129502772.0,498381.0,215.379783
2016-09-30,216.35,120105560.0,344184.0,216.405552
2016-10-03,215.78,86112124.0,251755.0,215.566991
2016-10-04,214.65,121742286.0,384140.0,215.088325
2016-10-05,215.66,75020748.0,253125.0,215.746564
2016-10-06,215.83,67984457.0,224539.0,215.535113
2016-10-07,215.03,91077523.0,329590.0,215.116128
2016-10-10,216.0808,53639450.0,189028.0,216.350572
2016-10-11,213.44,134879559.0,437691.0,213.787133
2016-10-12,213.67,75227723.0,275045.0,213.727176
2016-10-13,213.07,103797664.0,367442.0,212.403104
2016-10-14,213.06,95367117.0,318361.0,213.705377
2016-10-17,212.43,60829359.0,240559.0,212.632637
2016-10-18,213.67,81714024.0,237354.0,213.866346
2016-10-19,214.2203,73915091.0,198617.0,214.252731
2016-10-20,213.9,75029356.0,261806.0,213.87244
2016-10-21,213.89,90770855.0,227781.0,213.556647
2016-10-24,214.86,61777834.0,192065.0,214.918823
2016-10-25,214.19,67927935.0,233576.0,214.336041
2016-10-26,213.75,81059621.0,275560.0,213.693052
2016-10-27,213.175,78423740.0,272886.0,213.585442
2016-10-28,212.5,142029775.0,481307.0,212.784937
2016-10-31,212.56,64032694.0,216339.0,212.703201
2016-11-01,211.02,125212265.0,428024.0,211.078995
2016-11-02,209.71,105468607.0,391276.0,210.187056
2016-11-03,208.84,91717223.0,339883.0,209.34262
2016-11-04,208.56,111541800.0,393623.0,209.108171
2016-11-07,213.15,113891331.0,356359.0,212.495069
2016-11-08,214.07,109338226.0,390083.0,213.883569
2016-11-09,216.3792,262135214.0,968752.0,214.997006
2016-11-10,216.94,176930462.0,706620.0,216.770232
2016-11-11,216.45,102382222.0,392577.0,216.134924
2016-11-14,216.57,95919311.0,386956.0,216.475705
2016-11-15,218.25,96129294.0,315975.0,217.560746
2016-11-16,217.9392,68376236.0,240043.0,217.784386
2016-11-17,218.94,71512999.0,246184.0,218.675464
2016-11-18,218.48,91221577.0,223051.0,218.625614
2016-11-21,220.12,76869913.0,249620.0,219.779959
2016-11-22,220.57,69749504.0,234555.0,220.354392
2016-11-23,220.71,58215994.0,213792.0,220.335095
2016-11-25,221.52,39932611.0,113163.0,221.309065
2016-11-28,220.54,78988885.0,246725.0,220.853334
2016-11-29,220.88,72017714.0,214543.0,220.883876
2016-11-30,220.39,116652973.0,336098.0,220.987016
2016-12-01,219.5608,82312650.0,310480.0,219.833488
2016-12-02,219.6108,76455287.0,262900.0,219.695651
2016-12-05,220.94,72368653.0,248198.0,220.922276
2016-12-06,221.66,62792613.0,208265.0,221.264404
2016-12-07,224.55,116694216.0,359578.0,223.410892
2016-12-08,225.13,105993801.0,322699.0,224.977405
2016-12-09,226.53,90032718.0,269738.0,225.990082
2016-12-12,226.22,107217176.0,285740.0,226.220084
2016-12-13,227.69,113635004.0,299089.0,227.658151
2016-12-14,225.88,146387045.0,471292.0,226.792017
2016-12-15,226.77,135061639.0,360679.0,226.924206
2016-12-16,225.05,160933844.0,323552.0,225.259759
2016-12-19,225.5,95685665.0,232939.0,225.534363
2016-12-20,226.38,107620990.0,191171.0,226.265094
2016-12-21,225.7903,71718843.0,157783.0,226.072664
2016-12-22,225.44,61377208.0,167716.0,225.306658
2016-12-23,225.7,38023611.0,116534.0,225.507129
2016-12-27,226.25,45310906.0,139280.0,226.374957
2016-12-28,224.43,67780566.0,193427.0,224.974467
2016-12-29,224.33,50238391.0,165881.0,224.330948
2016-12-30,223.52,111712592.0,305581.0,223.481778
2017-01-03,225.14,94291454.0,314583.0,224.758567
2017-01-04,226.53,82622981.0,259517.0,226.354918
2017-01-05,226.34,86717442.0,218288.0,226.199501
2017-01-06,227.25,72947622.0,235070.0,227.163051
2017-01-09,226.52,48004478.0,158758.0,226.694873
2017-01-10,226.48,65586713.0,189707.0,226.714926
2017-01-11,227.0308,75858540.0,288713.0,226.468961
2017-01-12,226.5508,73340139.0,285623.0,225.955985
2017-01-13,227.04,63790111.0,199064.0,227.075902
2017-01-17,226.28,63954663.0,208866.0,226.296548
2017-01-18,226.75,56277839.0,206117.0,226.475958
2017-01-19,226.01,69036979.0,221366.0,226.177488
2017-01-20,226.74,133863371.0,326240.0,226.622259
2017-01-23,226.17,76845333.0,237957.0,226.027132
2017-01-24,227.6008,98973721.0,227603.0,227.338218
2017-01-25,229.55,87397731.0,246398.0,229.180852
2017-01-26,229.33,61918877.0,184963.0,229.355438
2017-01-27,228.99,61261811.0,165021.0,228.996976
2017-01-30,227.6,82544095.0,277999.0,227.204772
2017-01-31,227.51,78079268.0,239962.0,226.94999
2017-02-01,227.65,80775621.0,274112.0,227.624138
2017-02-02,227.77,72002065.0,212732.0,227.514929
2017-02-03,229.35,82801601.0,236750.0,229.205239
2017-02-06,228.97,62598527.0,169514.0,228.910916
2017-02-07,228.96,63176089.0,161528.0,229.148172
2017-02-08,229.24,52332667.0,168954.0,228.983485
2017-02-09,230.57,67544507.0,192022.0,230.45154
2017-02-10,231.49,67254692.0,189179.0,231.350622
2017-02-13,232.6803,57128212.0,187037.0,232.620434
2017-02-14,233.7097,72899604.0,212570.0,233.066121
2017-02-15,234.89,92562525.0,250046.0,234.413499
2017-02-16,234.74,86944938.0,289708.0,234.489041
2017-02-17,235.04,79466105.0,207074.0,234.514205
2017-02-21,236.44,92816333.0,233916.0,236.285837
2017-02-22,236.29,63137071.0,180555.0,236.239542
2017-02-23,236.44,75711286.0,258694.0,236.314779
2017-02-24,236.77,85284701.0,263595.0,236.129325
2017-02-27,237.09,58558749.0,206972.0,236.934838
2017-02-28,236.5,101984682.0,255913.0,236.54502
2017-03-01,239.7408,155775466.0,344272.0,239.581401
2017-03-02,238.3,73434450.0,246426.0,238.781254
2017-03-03,238.43,86010282.0,211574.0,238.234482
2017-03-06,237.7892,56756899.0,181340.0,237.594349
2017-03-07,237.0,71729969.0,188513.0,237.161244
2017-03-08,236.59,81516087.0,234685.0,236.978687
2017-03-09,236.83,99778661.0,238951.0,236.706371
2017-03-10,237.66,84176781.0,236069.0,237.432067
2017-03-13,237.8,58480478.0,177087.0,237.585341
2017-03-14,236.94,61282546.0,198095.0,236.74437
2017-03-15,238.88,99435391.0,301848.0,238.491095
2017-03-16,238.49,81072519.0,231715.0,238.596028
2017-03-17,237.1008,90619377.0,224779.0,237.484829
2017-03-20,236.74,53811459.0,169629.0,236.897201
2017-03-21,233.76,133556997.0,443606.0,234.818341
2017-03-22,234.25,99198468.0,307475.0,233.918734
2017-03-23,233.94,104652538.0,333915.0,234.425657
2017-03-24,233.88,114789699.0,359154.0,234.096078
2017-03-27,233.575,89946752.0,289799.0,232.973918
2017-03-28,235.26,95886649.0,277358.0,234.7739
2017-03-29,235.56,70774254.0,194187.0,235.407883
2017-03-30,236.2692,57855379.0,180055.0,236.129086
2017-03-31,235.68,75510599.0,206846.0,236.067148
2017-04-03,235.37,90089205.0,278496.0,235.0862
2017-04-04,235.52,58593021.0,192583.0,235.214091
2017-04-05,234.76,115646755.0,363089.0,235.980421
2017-04-06,235.37,70710906.0,245001.0,235.307869
2017-04-07,235.17,76539831.0,235737.0,235.322453
2017-04-10,235.29,72254108.0,211992.0,235.544869
2017-04-11,235.03,90000127.0,306533.0,234.356645
2017-04-12,234.1408,84165230.0,262869.0,234.256781
2017-04-13,232.56,95772910.0,303962.0,233.464275
2017-04-17,234.57,69800214.0,213649.0,233.918863
2017-04-18,233.86,85870275.0,245290.0,233.837069
2017-04-19,233.49,71136763.0,248650.0,233.993913
2017-04-20,235.3,95466551.0,279891.0,235.060001
2017-04-21,234.59,113532358.0,258371.0,234.784846
2017-04-24,237.16,125158068.0,290936.0,236.957887
2017-04-25,238.52,79462782.0,240247.0,238.550345
2017-04-26,238.44,90085667.0,260078.0,238.891802
2017-04-27,238.6001,58488103.0,189221.0,238.514583
2017-04-28,238.12,66726191.0,184666.0,238.223698
2017-05-01,238.63,71024242.0,180746.0,238.729914
2017-05-02,238.76,58348712.0,176653.0,238.630674
2017-05-03,238.52,78825179.0,223575.0,238.305078
2017-05-04,238.74,62308887.0,208880.0,238.515921
2017-05-05,239.68,65197733.0,203540.0,239.214817
2017-05-08,239.67,49579620.0,153807.0,239.531994
2017-05-09,239.44,52392122.0,190515.0,239.68963
2017-05-10,239.86,55725130.0,152423.0,239.609419
2017-05-11,239.4592,63504282.0,211062.0,238.951221
2017-05-12,239.05,55661293.0,158114.0,238.967732
2017-05-15,240.2297,63907987.0,193299.0,240.129926
2017-05-16,240.09,53339787.0,183992.0,240.099382
2017-05-17,235.9292,175313451.0,523480.0,237.035078
2017-05-18,236.76,109332996.0,369904.0,236.65333
2017-05-19,238.27,116084794.0,309485.0,238.334535
2017-05-22,239.52,62155920.0,178606.0,239.320379
2017-05-23,240.03,49494920.0,167052.0,239.948838
2017-05-24,240.56,50796728.0,167958.0,240.343643
2017-05-25,241.74,66270391.0,207264.0,241.665902
2017-05-26,241.73,49505432.0,136663.0,241.710855
2017-05-30,241.53,36117015.0,135972.0,241.538708
2017-05-31,241.42,94580434.0,242055.0,241.213084
2017-06-01,243.3,72957360.0,230852.0,242.589129
2017-06-02,244.14,90118256.0,223980.0,243.857762
2017-06-05,243.97,48226801.0,136078.0,244.048186
2017-06-06,243.25,52074126.0,160568.0,243.512443
2017-06-07,243.6692,56141223.0,182106.0,243.53435
2017-06-08,243.73,66919424.0,210454.0,243.701252
2017-06-09,243.5208,133356137.0,430309.0,243.639538
2017-06-12,243.35,87656845.0,297496.0,242.907887
2017-06-13,244.48,62137495.0,204230.0,244.211035
2017-06-14,244.26,80244234.0,289795.0,244.163471
2017-06-15,243.7697,68305724.0,255031.0,243.257461
2017-06-16,242.64,87591012.0,231767.0,242.283715
2017-06-19,244.65,66917309.0,202024.0,244.313069
2017-06-20,243.0592,59691951.0,187169.0,243.543689
2017-06-21,242.94,58861890.0,191822.0,242.984778
2017-06-22,242.83,45320725.0,151802.0,243.09396
2017-06-23,243.16,70709551.0,183907.0,243.075228
2017-06-26,243.26,59933400.0,178406.0,243.578114
2017-06-27,241.37,84044624.0,270673.0,242.279504
2017-06-28,243.47,72044019.0,224942.0,243.213471
2017-06-29,241.39,109355405.0,395296.0,241.648492
2017-06-30,241.79,89166115.0,241102.0,242.129144
2017-07-03,242.32,40957421.0,134053.0,242.850991
2017-07-05,242.74,56729983.0,184995.0,242.515977
2017-07-06,240.58,68962703.0,243346.0,241.116982
2017-07-07,242.1,60984959.0,170222.0,241.845024
2017-07-10,242.35,39006766.0,138849.0,242.407721
2017-07-11,242.18,51153060.0,178563.0,241.942093
2017-07-12,243.94,61511635.0,182040.0,243.882646
2017-07-13,244.42,40866889.0,137315.0,244.281804
2017-07-14,245.51,62456588.0,181714.0,245.309433
2017-07-17,245.52,34204311.0,121976.0,245.618039
2017-07-18,245.6697,44450602.0,154180.0,245.295622
2017-07-19,246.96,54438576.0,149846.0,246.678931
2017-07-20,247.04,48890421.0,161056.0,247.067375
2017-07-21,246.83,93912210.0,178380.0,246.598823
2017-07-24,246.79,47686541.0,133718.0,246.684282
2017-07-25,247.37,58593760.0,166559.0,247.497959
2017-07-26,247.42,49172056.0,155738.0,247.499898
2017-07-27,247.2292,72153911.0,255394.0,246.864471
2017-07-28,246.89,51849965.0,167954.0,246.671954
2017-07-31,246.79,68067126.0,164620.0,246.940297
2017-08-01,247.3,59232761.0,151140.0,247.20431
2017-08-02,247.42,48433419.0,178081.0,247.051829
2017-08-03,246.98,42553099.0,143609.0,247.025024
2017-08-04,247.39,61479958.0,175818.0,247.337975
2017-08-07,247.84,33050019.0,100115.0,247.671941
2017-08-08,247.27,64407874.0,192932.0,247.763519
2017-08-09,247.27,64216201.0,223654.0,246.756887
2017-08-10,243.7599,123760107.0,424326.0,244.83828
2017-08-11,244.11,76214881.0,278570.0,244.25004
2017-08-14,246.5,75409501.0,227677.0,246.442613
2017-08-15,246.53,57511842.0,177927.0,246.597175
2017-08-16,246.96,59139403.0,212690.0,247.03034
2017-08-17,243.14,132413327.0,428161.0,244.643959
2017-08-18,242.71,142903619.0,388925.0,243.092527
2017-08-21,242.92,68869029.0,231515.0,242.67255
2017-08-22,245.38,65788773.0,225776.0,244.938333
2017-08-23,244.5697,53398349.0,162101.0,244.678253
2017-08-24,244.045,51791649.0,196837.0,244.305203
2017-08-25,244.52,67278135.0,216047.0,244.890704
2017-08-28,244.6,43672391.0,135584.0,244.5313
2017-08-29,244.8597,52286704.0,197487.0,244.268338
2017-08-30,246.01,64780450.0,198521.0,245.714644
2017-08-31,247.29,107215200.0,230813.0,247.213698
2017-09-01,247.81,65352491.0,179906.0,248.01584
2017-09-05,246.13,93917434.0,330610.0,246.14039
2017-09-06,246.89,61912770.0,216159.0,246.8317
2017-09-07,246.8753,60251990.0,184345.0,246.780849
2017-09-08,246.54,67761216.0,185518.0,246.653152
2017-09-11,249.14,74223244.0,211608.0,248.908054
2017-09-12,250.09,58219198.0,192657.0,249.792896
2017-09-13,250.17,60652151.0,147062.0,249.994288
2017-09-14,250.08,98568056.0,188808.0,250.020084
2017-09-15,249.23,101580036.0,186440.0,248.999095
2017-09-18,249.71,47476365.0,160265.0,249.74907
2017-09-19,249.96,48258882.0,125396.0,249.911239
2017-09-20,250.07,60924607.0,191412.0,249.76084
2017-09-21,249.4,50990288.0,136981.0,249.573083
2017-09-22,249.45,52014945.0,139756.0,249.327285
2017-09-25,248.97,59068484.0,192976.0,248.804233
2017-09-26,249.07,55751359.0,171841.0,249.250877
2017-09-27,250.04,84730448.0,215762.0,249.880013
2017-09-28,250.33,46947734.0,125238.0,250.15699
2017-09-29,251.16,89321126.0,174559.0,250.909716
2017-10-02,252.28,65218919.0,173647.0,251.993262
2017-10-03,252.85,68610856.0,147218.0,252.571104
2017-10-04,253.16,56845159.0,136461.0,253.027064
2017-10-05,254.66,67267107.0,196000.0,254.302822
2017-10-06,254.43,84486595.0,186449.0,254.245804
2017-10-09,253.9692,36639372.0,113895.0,254.083313
2017-10-10,254.57,44252125.0,140616.0,254.46671
2017-10-11,254.98,48527288.0,126970.0,254.752144
2017-10-12,254.61,48813293.0,142560.0,254.724708
2017-10-13,254.88,56381063.0,149104.0,255.014402
2017-10-16,255.3,39053772.0,128092.0,255.182895
2017-10-17,255.43,32637915.0,120550.0,255.266536
2017-10-18,255.69,41916186.0,121860.0,255.743128
2017-10-19,255.8192,63110555.0,190692.0,255.213339
2017-10-20,257.07,91210612.0,196440.0,256.801693
2017-10-23,256.16,65348872.0,196937.0,256.642208
2017-10-24,256.55,68551491.0,193869.0,256.512178
2017-10-25,255.32,105617696.0,318605.0,255.053374
2017-10-26,255.48,73883274.0,178426.0,255.853633
2017-10-27,257.6895,88712939.0,230795.0,257.311081
2017-10-30,256.8,56131252.0,178942.0,256.945325
2017-10-31,257.12,63065793.0,162730.0,257.181536
2017-11-01,257.5,55081842.0,193086.0,257.762896
2017-11-02,257.62,57278036.0,217330.0,257.171395
2017-11-03,258.45,62027558.0,189608.0,258.093981
2017-11-06,258.81,51061263.0,130418.0,258.741792
2017-11-07,258.7,58866834.0,170176.0,258.643934
2017-11-08,259.11,51582467.0,160009.0,258.795926
2017-11-09,258.1908,96424777.0,349620.0,257.613556
2017-11-10,258.1,61716318.0,176542.0,257.898547
2017-11-13,258.34,51217198.0,149076.0,258.128099
2017-11-14,257.75,62394534.0,204505.0,257.462442
2017-11-15,256.42,83428078.0,257048.0,256.528288
2017-11-16,258.54,76418542.0,233018.0,258.431348
2017-11-17,257.87,78134634.0,194179.0,258.096032
2017-11-20,258.28,48775814.0,155461.0,258.252711
2017-11-21,259.93,72962457.0,204342.0,259.875655
2017-11-22,259.79,45834266.0,144666.0,259.853605
2017-11-24,260.37,29003902.0,84307.0,260.343864
2017-11-27,260.23,54402661.0,147055.0,260.361472
2017-11-28,262.83,100665593.0,281188.0,261.941464
2017-11-29,262.73,79101707.0,250860.0,262.79605
2017-11-30,264.87,131731800.0,379517.0,264.835125
2017-12-01,264.46,165583460.0,628606.0,263.564426
2017-12-04,264.11,96851205.0,335670.0,265.481353
2017-12-05,263.2,79742291.0,280508.0,263.974221
2017-12-06,263.23,84117737.0,207319.0,263.251205
2017-12-07,264.04,83910926.0,193169.0,263.932661
2017-12-08,265.48,78575790.0,187961.0,265.198337
2017-12-11,266.34,84179443.0,177381.0,266.000505
2017-12-12,266.8,86435143.0,225000.0,266.942942
2017-12-13,266.74,105029384.0,230518.0,267.145112
2017-12-14,265.69,102357602.0,270145.0,266.331198
2017-12-15,266.53,144850419.0,264900.0,266.410218
2017-12-18,268.23,85137172.0,226895.0,268.297621
2017-12-19,267.25,84904033.0,225065.0,267.573766
2017-12-20,267.1,77665965.0,215968.0,267.27917
2017-12-21,267.54,69160260.0,182247.0,267.803586
2017-12-22,267.49,81741973.0,177156.0,267.367027
2017-12-26,267.15,46524083.0,142202.0,267.149829
2017-12-27,267.35,60072678.0,174032.0,267.343562
2017-12-28,267.86,46221034.0,120862.0,267.673209
2017-12-29,266.94,100200244.0,208392.0,267.389206
2018-01-02,268.77,87974830.0,233353.0,268.260115
2018-01-03,270.47,92414326.0,233671.0,270.096731
2018-01-04,271.57,85277552.0,206549.0,271.697759
2018-01-05,273.4,88073906.0,208023.0,272.938192
2018-01-08,273.91,64945938.0,150232.0,273.776465
2018-01-09,274.53,58485720.0,186071.0,274.68277
2018-01-10,274.08,70699507.0,209103.0,273.861997
2018-01-11,276.09,64026406.0,188736.0,275.505816
2018-01-12,277.94,92919614.0,269708.0,277.526316
2018-01-16,277.06,110515722.0,342984.0,278.086177
2018-01-17,279.61,116747453.0,262690.0,278.964289
2018-01-18,279.18,105410481.0,247929.0,279.303426
2018-01-19,280.39,143550675.0,244046.0,279.896829
2018-01-22,282.67,102545061.0,218510.0,281.967418
2018-01-23,283.24,99464685.0,232558.0,283.161288
2018-01-24,283.12,136833465.0,357698.0,283.37629
2018-01-25,283.3,85877429.0,267776.0,283.344795
2018-01-26,286.56,111355443.0,266735.0,285.573362
2018-01-29,284.64,92693728.0,286696.0,285.38229
2018-01-30,281.63,134420733.0,427201.0,282.177423
2018-01-31,281.91,121930951.0,363005.0,281.97659
2018-02-01,281.68,90994293.0,304905.0,281.79606
2018-02-02,275.51,178406624.0,547730.0,277.351251
2018-02-05,264.11,304474048.0,1178555.0,269.920259
2018-02-06,269.06,357564910.0,1527394.0,264.987399
2018-02-07,267.67,169549624.0,741990.0,269.789627
2018-02-08,257.77,252221121.0,932886.0,262.673793
2018-02-09,261.74,286122968.0,1201103.0,258.398746
2018-02-12,265.32,146941527.0,609799.0,264.860583
2018-02-13,266.05,82434058.0,375376.0,265.168485
2018-02-14,269.67,123355652.0,528177.0,267.946053
2018-02-15,272.93,112606261.0,423209.0,271.409763
2018-02-16,273.16,163292191.0,424685.0,273.670033
2018-02-20,271.44,91166253.0,339886.0,272.060489
2018-02-21,269.97,100293719.0,392246.0,272.403316
2018-02-22,270.26,122557536.0,404225.0,271.012849
2018-02-23,274.65,96252415.0,321587.0,273.31784
2018-02-26,277.91,88758833.0,281795.0,277.003876
2018-02-27,274.38,102930024.0,364250.0,276.369433
2018-02-28,271.41,129776260.0,402198.0,273.592491
2018-03-01,267.72,179183801.0,620286.0,269.020857
2018-03-02,269.08,141448051.0,540088.0,267.343393
2018-03-05,272.12,99078649.0,356240.0,271.010093
2018-03-06,272.83,79922993.0,295499.0,272.464411
2018-03-07,272.83,88202658.0,318134.0,271.751998
2018-03-08,274.03,69768764.0,259824.0,273.447609
2018-03-09,278.76,117331321.0,334455.0,277.655778
2018-03-12,278.54,73175656.0,242962.0,278.900389
2018-03-13,276.72,93427280.0,315529.0,277.923822
2018-03-14,275.25,107710053.0,360723.0,275.707881
2018-03-15,275.03,88837397.0,262029.0,275.325046
2018-03-16,274.22,101412188.0,239191.0,274.716416
2018-03-19,270.61,111075802.0,432140.0,270.50635
2018-03-20,270.93,60829259.0,209738.0,270.974569
2018-03-21,270.4,79541919.0,330623.0,271.488472
2018-03-22,263.71,152401570.0,577826.0,266.067064
2018-03-23,258.015,186705769.0,623865.0,261.310541
2018-03-26,265.14,144878172.0,450166.0,262.822658
2018-03-27,260.76,134090487.0,538201.0,263.132532
2018-03-28,259.85,151934925.0,590467.0,260.393928
2018-03-29,263.43,128072137.0,436549.0,262.984807
2018-04-02,257.52,188325321.0,643543.0,257.533671
2018-04-03,260.73,121245396.0,451181.0,259.168498
2018-04-04,263.78,126742991.0,463583.0,260.852912
2018-04-05,265.59,84309507.0,318778.0,265.644235
2018-04-06,259.7,182854619.0,562706.0,261.068802
2018-04-09,260.83,113639051.0,333760.0,262.34321
2018-04-10,265.09,107159335.0,405037.0,264.760521
2018-04-11,263.71,92820659.0,329134.0,264.277623
2018-04-12,265.9003,70635606.0,282530.0,266.149252
2018-04-13,265.11,86860777.0,310912.0,265.514348
2018-04-16,267.37,64594574.0,251422.0,267.300644
2018-04-17,270.13,66215072.0,253683.0,270.01895
2018-04-18,270.37,57919664.0,197534.0,270.739933
2018-04-19,268.87,79527976.0,284592.0,268.7653
2018-04-20,266.66,101358707.0,291616.0,266.93301
2018-04-23,266.57,67468135.0,239515.0,266.670791
2018-04-24,263.04,114962314.0,436219.0,264.024455
2018-04-25,263.63,105412286.0,356766.0,262.629646
2018-04-26,266.24,68959182.0,270095.0,265.929082
2018-04-27,266.58,58099215.0,224144.0,266.562638
2018-04-30,264.53,84864978.0,271534.0,265.784346
2018-05-01,264.96,77000433.0,296316.0,263.669599
2018-05-02,263.17,87960465.0,300566.0,264.167482
2018-05-03,262.59,138114268.0,519979.0,261.406877
2018-05-04,265.92,92744409.0,326637.0,265.074665
2018-05-07,266.92,56246159.0,242694.0,267.156246
2018-05-08,266.89,68490026.0,264708.0,266.345231
2018-05-09,269.47,60946478.0,255999.0,268.719638
2018-05-10,272.0,73496270.0,258139.0,271.557167
2018-05-11,272.64,64249519.0,214617.0,272.493144
2018-05-14,272.95,57758926.0,214998.0,273.114985
2018-05-15,271.03,91104778.0,303001.0,270.779871
2018-05-16,272.15,55278260.0,199223.0,271.988003
2018-05-17,272.01,57619100.0,226824.0,272.180414
2018-05-18,271.34,65582406.0,201379.0,271.527412
2018-05-21,273.36,60494019.0,212256.0,273.27455
2018-05-22,272.58,54584049.0,191589.0,273.269722
2018-05-23,273.37,65652020.0,244215.0,272.144578
2018-05-24,272.84,77138128.0,274541.0,272.334276
2018-05-25,272.21,58118644.0,195903.0,272.199476
2018-05-29,269.12,119430992.0,432412.0,269.121631
2018-05-30,272.59,71476485.0,281732.0,272.090007
2018-05-31,270.81,97047084.0,342555.0,271.262067
2018-06-01,273.61,73684806.0,275237.0,273.288605
2018-06-04,274.89,46900396.0,199750.0,274.811301
2018-06-05,275.19,54148265.0,205395.0,275.009857
2018-06-06,277.43,65048897.0,253539.0,276.475117
2018-06-07,277.37,74154313.0,299284.0,277.294688
2018-06-08,278.22,73082607.0,237991.0,277.583903
2018-06-11,278.58,59668405.0,211393.0,278.84475
2018-06-12,278.97,74511683.0,211611.0,278.832172
2018-06-13,278.01,80383239.0,275305.0,278.737457
2018-06-14,278.68,80080701.0,233426.0,278.724182
2018-06-15,277.03,121150047.0,305393.0,276.619184
2018-06-18,276.59,53795470.0,221100.0,276.080518
2018-06-19,275.48,99299985.0,337431.0,274.764848
2018-06-20,276.01,55038477.0,212279.0,276.145172
2018-06-21,274.24,72830642.0,289341.0,274.578878
2018-06-22,274.76,58141958.0,231377.0,275.168108
2018-06-25,271.07,140736625.0,515153.0,270.939211
2018-06-26,271.58,71010510.0,304136.0,271.750479
2018-06-27,269.8,107076264.0,418206.0,271.169371
2018-06-28,270.91,78226226.0,367568.0,270.065722
2018-06-29,271.34,100130479.0,329244.0,272.385218
2018-07-02,271.84,65158380.0,279126.0,270.60586
2018-07-03,270.88,44038959.0,180592.0,271.771686
2018-07-05,273.02,58320429.0,260592.0,272.335552
2018-07-06,275.36,67827660.0,269630.0,274.992804
2018-07-09,277.9,51878754.0,212825.0,277.393964
2018-07-10,278.81,53080928.0,207662.0,278.652677
2018-07-11,276.91,78467076.0,300427.0,277.234063
2018-07-12,279.29,62854200.0,236261.0,278.852523
2018-07-13,279.56,49301251.0,206063.0,279.52994
2018-07-16,279.39,50880262.0,177349.0,279.302087
2018-07-17,280.43,53362867.0,216883.0,280.070943
2018-07-18,281.06,45293969.0,169751.0,280.795272
2018-07-19,279.96,62297849.0,236049.0,280.143228
2018-07-20,279.72,83094078.0,235523.0,279.939634
2018-07-23,280.24,47606016.0,190990.0,279.882665
2018-07-24,281.55,68736774.0,251365.0,281.66321
2018-07-25,284.14,80239697.0,265415.0,282.793132
2018-07-26,283.3,59404205.0,237667.0,283.471685
2018-07-27,281.46,78755772.0,326917.0,281.734955
2018-07-30,279.9,65270286.0,252059.0,280.238553
2018-07-31,281.19,71284048.0,275207.0,281.234204
2018-08-01,280.89,55357171.0,244834.0,281.103235
2018-08-02,282.39,65221869.0,247744.0,281.419635
2018-08-03,283.62,54992919.0,201652.0,283.146186
2018-08-06,284.66,40476791.0,159468.0,284.390977
2018-08-07,285.58,44340537.0,181012.0,285.665756
2018-08-08,285.44,43039504.0,154349.0,285.507304
2018-08-09,285.09,36423073.0,140975.0,285.487677
2018-08-10,283.16,77955013.0,292328.0,283.294583
2018-08-13,282.08,66977189.0,270770.0,282.742457
2018-08-14,283.82,44779018.0,193565.0,283.650322
2018-08-15,281.75,104669550.0,437747.0,281.241886
2018-08-16,284.08,71100475.0,259401.0,284.174177
2018-08-17,285.02,67003717.0,244142.0,284.605553
2018-08-20,285.68,41000517.0,160489.0,285.603759
2018-08-21,286.27,68286269.0,243818.0,286.69358
2018-08-22,286.21,45508737.0,190752.0,286.257942
2018-08-23,285.79,49872622.0,196815.0,285.999419
2018-08-24,287.52,58162308.0,219910.0,287.223092
2018-08-27,289.73,58337139.0,213474.0,289.504207
2018-08-28,289.8395,47809662.0,174506.0,289.893943
2018-08-29,291.45,63047190.0,207172.0,291.191557
2018-08-30,290.32,62526061.0,270413.0,290.606938
2018-08-31,290.27,67955528.0,237487.0,290.022039
2018-09-04,289.84,58789013.0,246055.0,289.492496
2018-09-05,289.07,76145573.0,291581.0,288.83689
2018-09-06,288.16,67235277.0,289832.0,288.05591
2018-09-07,287.53,74818657.0,308960.0,287.615087
2018-09-10,288.09,51016851.0,207071.0,288.302909
2018-09-11,289.13,52375991.0,213944.0,288.724706
2018-09-12,289.18,60575938.0,269013.0,289.025375
2018-09-13,290.8,52019121.0,234786.0,290.599734
2018-09-14,290.92,55917676.0,221993.0,290.764506
2018-09-17,289.4,69333285.0,248355.0,289.802161
2018-09-18,290.92,63932290.0,227464.0,290.889282
2018-09-19,291.25,50283683.0,209305.0,291.252374
2018-09-20,293.53,103959169.0,294672.0,293.196083
2018-09-21,292.04,107157043.0,258276.0,292.476686
2018-09-24,291.08,54671313.0,233334.0,290.975374
2018-09-25,290.7,46702181.0,175806.0,290.956655
2018-09-26,289.805,81461259.0,298740.0,290.800782
2018-09-27,290.68,60378141.0,238701.0,290.989063
2018-09-28,290.57,72381508.0,267734.0,290.619258
2018-10-01,291.7,63634059.0,254455.0,292.023951
2018-10-02,291.61,49096939.0,220334.0,291.714522
2018-10-03,291.76,66022129.0,258734.0,292.28922
2018-10-04,289.53,113147728.0,478293.0,289.216913
2018-10-05,287.81,108781268.0,466829.0,287.994431
2018-10-08,287.8,88771776.0,395327.0,287.109107
2018-10-09,287.48,75481888.0,334052.0,287.74772
2018-10-10,278.27,217049445.0,877251.0,281.98113
2018-10-11,272.54,277877162.0,1469826.0,274.949319
2018-10-12,276.01,185257288.0,990659.0,275.025288
2018-10-15,274.49,104838973.0,543703.0,275.589891
2018-10-16,280.24,121028473.0,476750.0,278.904047
2018-10-17,280.42,111897958.0,566703.0,279.804749
2018-10-18,276.39,137804219.0,747569.0,276.982205
2018-10-19,276.1797,140662678.0,582243.0,277.210771
2018-10-22,275.03,83420677.0,449535.0,275.548371
2018-10-23,273.52,148031789.0,837023.0,271.764511
2018-10-24,265.21,180061325.0,938613.0,269.234686
2018-10-25,270.01,140353452.0,733954.0,269.449709
2018-10-26,265.22,203923040.0,1111846.0,265.393634
2018-10-29,263.69,162968623.0,861685.0,265.468189
2018-10-30,267.88,159696059.0,868960.0,265.787337
2018-10-31,270.69,131674297.0,602207.0,271.650122
2018-11-01,273.37,101051621.0,460604.0,272.5286
2018-11-02,271.8,124249254.0,612382.0,271.984361
2018-11-05,273.47,69873066.0,319136.0,272.841854
2018-11-06,275.11,60827084.0,285373.0,274.418291
2018-11-07,281.0,104778528.0,437245.0,279.452231
2018-11-08,280.48,67444757.0,317905.0,280.336477
2018-11-09,277.82,101244637.0,426782.0,277.76766
2018-11-12,272.4795,101689304.0,501900.0,273.924177
2018-11-13,272.04,99239981.0,515440.0,272.951916
2018-11-14,270.15,128960318.0,608599.0,271.102546
2018-11-15,273.01,136215785.0,671211.0,270.71119
2018-11-16,273.73,128968576.0,496718.0,273.199721
2018-11-19,269.12,104845636.0,492976.0,269.81711
2018-11-20,264.15,137953946.0,666892.0,264.906634
2018-11-21,265.03,77283500.0,347443.0,266.042235
2018-11-23,263.32,44012132.0,190709.0,263.869908
2018-11-26,267.43,81413911.0,341212.0,266.73795
2018-11-27,268.29,79161825.0,341296.0,267.474961
2018-11-28,274.36,129875459.0,550874.0,272.026395
2018-11-29,273.95,83664985.0,393270.0,273.949307
2018-11-30,275.685,100386880.0,340106.0,275.060867
2018-12-03,279.26,104690284.0,473013.0,278.865484
2018-12-04,270.39,182203555.0,864734.0,273.019414
2018-12-06,269.77,207107459.0,1061720.0,266.273162
2018-12-07,263.66,163396256.0,869798.0,265.709724
2018-12-10,264.07,153231653.0,937170.0,262.091193
2018-12-11,264.11,123751607.0,659380.0,265.248807
2018-12-12,265.53,99519604.0,512840.0,267.163324
2018-12-13,265.38,97977658.0,489986.0,265.526838
2018-12-14,260.57,118649525.0,616884.0,261.616424
2018-12-17,255.17,168348737.0,828887.0,256.828282
2018-12-18,255.11,135891775.0,648103.0,256.052478
2018-12-19,251.04,217325252.0,1302839.0,253.981405
2018-12-20,247.11,254595504.0,1265241.0,248.156285
2018-12-21,240.61,261701849.0,1155381.0,244.165785
2018-12-24,234.37,148557724.0,683160.0,237.209001
2018-12-26,245.9095,222380482.0,1032193.0,239.845791
2018-12-27,248.21,190958804.0,978537.0,243.087958
2018-12-28,247.73,154974847.0,799874.0,248.63089
2018-12-31,250.08,147557713.0,591024.0,249.00601
2019-01-02,250.23,132165224.0,603603.0,249.159706
2019-01-03,244.15,146823673.0,698036.0,245.69673
2019-01-04,252.39,145055352.0,708230.0,251.115911
2019-01-07,254.29,105208591.0,449993.0,254.300431
2019-01-08,256.62,103624383.0,461969.0,255.942032
2019-01-09,257.92,96652953.0,438057.0,257.864955
2019-01-10,258.98,98370502.0,417177.0,257.800054
2019-01-11,258.81,73870479.0,297904.0,258.206554
2019-01-14,257.35,71747098.0,288739.0,257.645428
2019-01-15,260.23,87140531.0,363765.0,259.705139
2019-01-16,260.96,79910690.0,315883.0,261.305665
2019-01-17,263.0,97376854.0,384971.0,262.114805
2019-01-18,266.42,130617796.0,444155.0,265.77773
2019-01-22,262.94,117524932.0,522147.0,262.694242
2019-01-23,263.35,87913109.0,445442.0,262.772718
2019-01-24,263.6,61342224.0,315574.0,263.253477
2019-01-25,265.78,98218282.0,409292.0,265.955506
2019-01-28,263.78,87421778.0,408382.0,263.026477
2019-01-29,263.52,67650406.0,287012.0,263.459712
2019-01-30,267.44,93982824.0,469964.0,266.574442
2019-01-31,269.81,107152582.0,407112.0,269.374732
2019-02-01,270.08,87113187.0,362544.0,270.134893
2019-02-04,272.01,63614067.0,262716.0,271.025159
2019-02-05,273.16,82298180.0,313518.0,272.870225
2019-02-06,272.83,61485829.0,257061.0,272.687192
2019-02-07,270.17,96611850.0,487274.0,269.665675
2019-02-08,270.54,76471005.0,372019.0,269.065115
2019-02-11,270.69,69530504.0,288513.0,270.668261
2019-02-12,274.06,73533121.0,308611.0,273.769767
2019-02-13,274.95,66896771.0,294127.0,275.228143
2019-02-14,274.46,84116124.0,395160.0,274.312918
2019-02-15,277.38,98445574.0,367592.0,276.768632
2019-02-19,277.88,60016568.0,237890.0,277.808629
2019-02-20,278.43,77459348.0,326117.0,278.158003
2019-02-21,277.46,64937725.0,299168.0,277.248325
2019-02-22,279.16,81379467.0,288918.0,278.714849
2019-02-25,279.59,70022314.0,278276.0,280.363906
2019-02-26,279.34,58160878.0,263443.0,279.591665
2019-02-27,279.18,58056699.0,275537.0,278.737918
2019-02-28,278.65,71882901.0,249641.0,278.834304
2019-03-01,280.41,80364273.0,301015.0,280.132512
2019-03-04,279.38,109422531.0,451991.0,279.099276
2019-03-05,279.06,61491071.0,234839.0,279.181976
2019-03-06,277.34,78461884.0,290924.0,277.751186
2019-03-07,275.13,96843080.0,435048.0,275.179098
2019-03-08,274.49,87028556.0,415878.0,273.386396
2019-03-11,278.48,66974717.0,291884.0,277.646861
2019-03-12,279.44,80874307.0,279077.0,279.513161
2019-03-13,281.33,82988832.0,300654.0,281.460584
2019-03-14,281.2,69214751.0,249027.0,281.258133
2019-03-15,281.34,82741834.0,308202.0,281.241311
2019-03-18,282.42,63367903.0,268447.0,282.094606
2019-03-19,282.51,91812444.0,366235.0,282.96124
2019-03-20,281.5,86060887.0,449937.0,281.895029
2019-03-21,284.58,81184605.0,378842.0,283.878966
2019-03-22,279.34,126176990.0,614580.0,280.773906
2019-03-25,279.0,86567168.0,401553.0,278.8214
2019-03-26,281.04,69386210.0,316321.0,280.917271
2019-03-27,279.55,73396221.0,390636.0,279.7167
2019-03-28,280.71,57431828.0,301910.0,280.328233
2019-03-29,282.45,86158219.0,330610.0,282.190886
2019-04-01,285.74,80192089.0,326981.0,285.331779
2019-04-02,285.99,40808711.0,211563.0,285.794688
2019-04-03,286.45,69511484.0,291418.0,286.796888
2019-04-04,287.18,50144575.0,262143.0,286.881821
2019-04-05,288.52,59597762.0,253001.0,288.3001
2019-04-08,288.8,54576741.0,233823.0,288.237232
2019-04-09,287.33,67706578.0,271844.0,287.334769
2019-04-10,288.29,53474655.0,204503.0,287.877382
2019-04-11,288.23,55858801.0,205246.0,288.181517
2019-04-12,290.13,70919665.0,231934.0,289.893742
2019-04-15,289.98,50455219.0,199620.0,289.730033
2019-04-16,290.1705,52818514.0,206469.0,290.338303
2019-04-17,289.47,59131849.0,245038.0,289.796723
2019-04-18,289.99,69601739.0,231292.0,289.739867
2019-04-22,290.3,41438319.0,170763.0,289.983107
2019-04-23,292.89,53717869.0,232021.0,292.253863
2019-04-24,292.21,51150196.0,203854.0,292.625825
2019-04-25,292.13,59111801.0,238260.0,292.01934
2019-04-26,293.41,51864349.0,220440.0,292.492975
2019-04-29,293.78,58217271.0,186852.0,293.964284
2019-04-30,293.87,83418943.0,254912.0,293.393147
2019-05-01,291.82,72689383.0,337375.0,293.665913
2019-05-02,291.13,66830633.0,342562.0,291.065996
2019-05-03,293.98,57828940.0,249403.0,293.468466
2019-05-06,292.83,117885315.0,390956.0,291.916975
2019-05-07,288.05,148103972.0,618591.0,287.984316
2019-05-08,287.73,93518272.0,455857.0,288.226753
2019-05-09,286.67,105484233.0,526343.0,285.489277
2019-05-10,288.03,113435772.0,602090.0,285.65396
2019-05-13,280.9905,130626738.0,670181.0,281.316168
2019-05-14,283.38,80127712.0,390247.0,283.77134
2019-05-15,285.15,75289562.0,364818.0,284.263211
2019-05-16,287.68,78222782.0,352845.0,287.958464
2019-05-17,285.94,102052912.0,400676.0,286.658377
2019-05-20,283.96,64170379.0,344196.0,284.257291
2019-05-21,286.48,47820098.0,256167.0,286.343478
2019-05-22,285.62,50144366.0,260142.0,285.798279
2019-05-23,282.19,100251363.0,466147.0,281.737979
2019-05-24,282.95,56290096.0,267185.0,283.066855
2019-05-28,280.31,71181073.0,340222.0,281.979484
2019-05-29,278.26,106194018.0,466353.0,278.073791
2019-05-30,278.98,63619067.0,286148.0,278.95497
2019-05-31,275.37,88950271.0,395859.0,275.910561
2019-06-03,274.61,97829990.0,492870.0,274.723386
2019-06-04,280.49,78655444.0,377639.0,278.896034
2019-06-05,282.87,72864182.0,327590.0,281.952845
2019-06-06,284.78,73406945.0,303391.0,284.117312
2019-06-07,287.58,75657962.0,337602.0,287.753715
2019-06-10,288.9305,61774465.0,298334.0,289.691238
2019-06-11,288.91,59466020.0,280368.0,289.438253
2019-06-12,288.3,48189729.0,206506.0,288.38918
2019-06-13,289.58,50062283.0,226999.0,289.295572
2019-06-14,289.23,53455035.0,229741.0,289.084589
2019-06-17,289.47,40412734.0,194957.0,289.695494
2019-06-18,292.32,87949170.0,387217.0,292.529352
2019-06-19,293.01,80843620.0,339730.0,292.718422
2019-06-20,295.88,118177314.0,369794.0,295.406616
2019-06-21,294.0,86831535.0,290708.0,294.37925
2019-06-24,293.66,48346062.0,203287.0,294.011307
2019-06-25,290.78,86145268.0,301444.0,291.698943
2019-06-26,290.51,54550945.0,226131.0,291.061985
2019-06-27,291.52,41184771.0,185582.0,291.606045
2019-06-28,293.1,61281271.0,245874.0,292.699374
2019-07-01,295.58,80972325.0,313743.0,295.550653
2019-07-02,296.44,62258442.0,243672.0,295.633511
2019-07-03,298.8,42248078.0,162068.0,298.099875
2019-07-05,298.27,52650445.0,229541.0,297.453794
2019-07-08,296.86,47352766.0,190735.0,296.826227
2019-07-09,297.23,42301733.0,166320.0,296.776274
2019-07-10,298.61,59656591.0,258910.0,298.696061
2019-07-11,299.32,51545653.0,223129.0,299.032859
2019-07-12,300.65,41362400.0,176654.0,300.141674
2019-07-15,300.84,34419769.0,149898.0,300.585962
2019-07-16,299.78,41252625.0,183815.0,300.070753
2019-07-17,297.78,45903553.0,200148.0,298.622792
2019-07-18,298.87,52346311.0,236654.0,297.982119
2019-07-19,297.26,72696883.0,260251.0,298.483037
2019-07-22,297.81,45886285.0,186378.0,297.776751
2019-07-23,299.98,45969686.0,208847.0,299.259047
2019-07-24,301.4,48730753.0,204876.0,300.567753
2019-07-25,299.97,58984311.0,266896.0,300.011546
2019-07-26,301.96,48115422.0,194673.0,301.685271
2019-07-29,301.49,39076088.0,185786.0,301.449789
2019-07-30,300.79,47114717.0,208890.0,300.549448
2019-07-31,297.4,106681828.0,537637.0,298.753948
2019-08-01,295.0,145021954.0,771413.0,296.689032
2019-08-02,292.62,119022508.0,551913.0,292.363581
2019-08-05,284.05,183198274.0,789974.0,284.957619
2019-08-06,287.73,124236590.0,587807.0,286.416413
2019-08-07,288.16,142254766.0,668438.0,285.84555
2019-08-08,293.59,90112173.0,406692.0,292.088898
2019-08-09,291.6,95091532.0,450994.0,291.588675
2019-08-12,287.93,58248189.0,319358.0,288.850833
2019-08-13,292.42,96643300.0,490187.0,292.151659
2019-08-14,284.02,138650630.0,677325.0,285.501501
2019-08-15,284.65,103711759.0,533486.0,284.403253
2019-08-16,288.81,87151223.0,371691.0,288.411627
2019-08-19,292.32,56116895.0,264347.0,292.383738
2019-08-20,290.02,53406540.0,242270.0,290.920454
2019-08-21,292.41,51117691.0,232468.0,292.386754
2019-08-22,292.33,53036877.0,285122.0,292.224283
2019-08-23,284.88,151633008.0,784450.0,287.363461
2019-08-26,287.95,74581806.0,348873.0,286.983076
2019-08-27,286.7,69217186.0,346861.0,287.693716
2019-08-28,288.84,60999504.0,311532.0,287.894595
2019-08-29,292.58,59225194.0,309987.0,292.303333
2019-08-30,292.4527,64676117.0,303168.0,292.707716
2019-09-03,290.75,70523272.0,362214.0,290.384589
2019-09-04,293.97,48447464.0,236849.0,293.403551
2019-09-05,297.75,84134211.0,377091.0,297.902847
2019-09-06,298.05,50175287.0,255149.0,298.229095
2019-09-09,298.2,52006396.0,241464.0,298.150409
2019-09-10,298.09,58797500.0,299979.0,296.901109
2019-09-11,300.31,69964932.0,270504.0,299.405515
2019-09-12,301.36,73765948.0,374552.0,301.545939
2019-09-13,300.99,62876882.0,251060.0,301.427492
2019-09-16,300.21,60055479.0,284886.0,300.099511
2019-09-17,300.95,43560752.0,246165.0,300.339012
2019-09-18,301.1,75049588.0,419861.0,299.805395
2019-09-19,301.07,79490929.0,293503.0,301.735425
2019-09-20,298.08,99626161.0,374349.0,299.09564
2019-09-23,298.3,48321226.0,221296.0,298.240391
2019-09-24,295.92,98688410.0,519831.0,296.675528
2019-09-25,297.61,78417632.0,356049.0,296.659596
2019-09-26,297.0,59165581.0,329412.0,296.784652
2019-09-27,295.41,86011770.0,454754.0,295.610886
2019-09-30,296.7905,54249399.0,258681.0,296.864837
2019-10-01,293.32,90963980.0,422407.0,294.721962
2019-10-02,288.16,126335327.0,608987.0,288.451749
2019-10-03,290.45,86869960.0,517840.0,288.2071
2019-10-04,294.3,67767580.0,304878.0,293.153405
2019-10-07,293.1,62088645.0,314251.0,293.889227
2019-10-08,288.66,103504306.0,495648.0,289.87557
2019-10-09,291.12,70229917.0,295519.0,291.22919
2019-10-10,293.29,57867131.0,335440.0,293.024803
2019-10-11,296.25,102672621.0,503205.0,297.536896
2019-10-14,296.03,41283428.0,191853.0,296.155111
2019-10-15,298.88,48895657.0,262203.0,298.867063
2019-10-16,298.46,52994390.0,243466.0,298.432208
2019-10-17,299.21,47733412.0,242875.0,299.364958
2019-10-18,298.09,65642672.0,278972.0,298.402675
2019-10-21,300.03,40676748.0,193934.0,299.753447
2019-10-22,298.99,50056997.0,227130.0,300.076123
2019-10-23,299.83,35723766.0,191627.0,299.330137
2019-10-24,300.42,36772203.0,211244.0,300.191261
2019-10-25,301.59,46278271.0,214976.0,301.493555
2019-10-28,303.34,43245339.0,215241.0,303.425897
2019-10-29,303.14,44955590.0,220265.0,303.475429
2019-10-30,304.21,50475026.0,283052.0,303.242021
2019-10-31,303.33,70472882.0,319480.0,302.697276
2019-11-01,306.17,72649752.0,321634.0,305.628838
2019-11-04,307.37,61451913.0,217935.0,307.465055
2019-11-05,307.04,44001870.0,210377.0,307.172714
2019-11-06,307.07,47383539.0,217560.0,306.834005
2019-11-07,308.21,55053333.0,237929.0,308.638
2019-11-08,308.93,49653540.0,201628.0,308.239817
2019-11-11,308.36,36335724.0,140063.0,308.103515
2019-11-12,308.96,47933274.0,208796.0,309.17171
2019-11-13,309.15,55252450.0,258612.0,308.864942
2019-11-14,309.54,52602572.0,197813.0,309.11222
2019-11-15,311.81,62832522.0,205809.0,311.164521
2019-11-18,311.98,50489632.0,203344.0,311.766861
2019-11-19,311.91,69272746.0,230880.0,312.012965
2019-11-20,310.81,80921343.0,381792.0,310.54791
2019-11-21,310.3,55273030.0,239124.0,310.23539
2019-11-22,311.02,45485710.0,183914.0,310.747884
2019-11-25,313.33,50273892.0,200426.0,312.95896
2019-11-26,313.99,38729785.0,183541.0,313.797538
2019-11-27,315.42,46153005.0,170592.0,315.059392
2019-11-29,314.33,37839782.0,114253.0,314.590488
2019-12-02,311.66,78630131.0,384324.0,312.095695
2019-12-03,309.51,76725416.0,390364.0,308.480788
2019-12-04,311.5,49860938.0,237528.0,311.564515
2019-12-05,312.09,41540611.0,189390.0,311.56865
2019-12-06,314.83,50091438.0,210345.0,314.880917
2019-12-09,313.89,35419836.0,154957.0,314.456778
2019-12-10,313.58,53698321.0,227162.0,313.721835
2019-12-11,314.33,56301209.0,214138.0,314.163169
2019-12-12,317.08,98280985.0,473111.0,316.79286
2019-12-13,317.29,82239787.0,431653.0,317.312169
2019-12-16,319.49,86183317.0,254811.0,319.703201
2019-12-17,319.5495,62393053.0,203125.0,319.789276
2019-12-18,319.56,51246674.0,191930.0,319.847422
2019-12-19,320.87,87471997.0,209267.0,320.502521
2019-12-20,320.86,162473006.0,290252.0,320.973423
2019-12-23,321.27,54408530.0,184086.0,321.367262
2019-12-24,321.24,20550098.0,91920.0,321.160301
2019-12-26,322.94,31809352.0,130597.0,322.327397
2019-12-27,322.85,43084401.0,187420.0,323.008046
2019-12-30,321.13,51165259.0,245065.0,321.362535
2019-12-31,321.85,59018703.0,212942.0,321.216782
2020-01-02,324.87,60187033.0,304886.0,323.680084
2020-01-03,322.43,80319689.0,358026.0,322.732865
2020-01-06,323.73,56672077.0,255769.0,322.602237
2020-01-07,322.74,43646563.0,226060.0,322.918261
2020-01-08,324.42,69691471.0,340005.0,324.553163
2020-01-09,326.59,49479650.0,242163.0,326.254403
2020-01-10,325.64,53842362.0,235978.0,326.379233
2020-01-13,327.92,51115039.0,217436.0,327.328395
2020-01-14,327.42,64327107.0,331316.0,327.566086
2020-01-15,328.16,73150949.0,293443.0,328.234914
2020-01-16,330.86,56695908.0,230358.0,330.209013
2020-01-17,332.01,107448658.0,258649.0,331.717622
2020-01-21,331.29,80196677.0,280061.0,331.392069
2020-01-22,331.35,49824372.0,223504.0,332.04787
2020-01-23,331.8,52680351.0,275920.0,330.828233
2020-01-24,328.76,88497842.0,455588.0,329.462719
2020-01-27,323.51,86318745.0,480424.0,324.052019
2020-01-28,326.88,65847396.0,328818.0,326.698203
2020-01-29,326.62,54998042.0,303787.0,327.443987
2020-01-30,327.62,77185315.0,460067.0,325.497956
2020-01-31,321.75,116500962.0,653950.0,322.929426
2020-02-03,324.12,71170107.0,368446.0,324.650151
2020-02-04,329.06,64065469.0,312753.0,329.166476
2020-02-05,332.84,67402342.0,352029.0,332.080961
2020-02-06,333.93,51626082.0,249696.0,333.719271
2020-02-07,332.24,65101736.0,299477.0,332.52091
2020-02-10,334.75,43576992.0,217772.0,333.450623
2020-02-11,335.27,55707407.0,268292.0,335.908311
2020-02-12,337.44,44997697.0,230201.0,337.059081
2020-02-13,337.17,55382831.0,287289.0,337.062706
2020-02-14,337.6,65012969.0,251609.0,337.051582
2020-02-18,336.73,58482788.0,286928.0,336.417747
2020-02-19,338.32,49804453.0,221056.0,338.447732
2020-02-20,336.99,74976767.0,431814.0,336.210263
2020-02-21,333.45,115144054.0,487163.0,333.722906
2020-02-24,322.42,163655089.0,872755.0,323.659244
2020-02-25,312.59,223245173.0,1448758.0,316.242191
2020-02-26,311.61,198369131.0,1374136.0,313.802163
2020-02-27,297.7,288117319.0,2154932.0,304.059447
2020-02-28,296.24,392482615.0,2685904.0,290.847617
2020-03-02,308.9,241275739.0,1763456.0,301.687408
2020-03-03,300.32,305243992.0,2844651.0,304.575142
2020-03-04,313.05,178853859.0,1261953.0,308.177865
2020-03-05,302.51,188896911.0,1265055.0,303.693158
2020-03-06,297.43,231042459.0,1641498.0,294.587353
2020-03-09,276.32,312908288.0,2577868.0,278.354295
2020-03-10,288.41,278857139.0,2516870.0,281.195869
2020-03-11,274.25,258486370.0,2152463.0,276.177671
2020-03-12,255.24,394824960.0,3709929.0,254.820022
2020-03-13,270.2,328921935.0,2669400.0,258.35278
2020-03-16,241.065,300815897.0,2147760.0,246.753505
2020-03-17,254.19,265602534.0,2175118.0,248.25067
2020-03-18,235.69,329737404.0,2874735.0,236.712854
2020-03-19,240.55,292164236.0,2855927.0,241.590533
2020-03-20,229.4,346965271.0,2924219.0,236.368926
2020-03-23,222.68,328483538.0,2848122.0,223.591385
2020-03-24,242.0,238855181.0,1625798.0,239.148951
2020-03-25,246.79,301441274.0,2166623.0,248.953723
2020-03-26,260.93,260651432.0,1886244.0,257.188041
2020-03-27,254.0,225910512.0,1671020.0,254.709711
2020-03-30,261.56,173415329.0,1127439.0,259.169405
2020-03-31,257.36,199726153.0,1189047.0,259.671034
2020-04-01,246.04,191168322.0,1214398.0,247.798734
2020-04-02,251.93,180209961.0,1309518.0,249.376434
2020-04-03,247.95,135983980.0,996965.0,248.396358
2020-04-06,264.74,190704663.0,1033636.0,262.12295
2020-04-07,265.18,202333061.0,1292810.0,270.005117
2020-04-08,274.0,156041618.0,950861.0,271.466454
2020-04-09,278.22,191207283.0,1172002.0,278.713444
2020-04-13,275.63,115990100.0,752227.0,274.170077
2020-04-14,283.8,135637433.0,761248.0,282.734729
2020-04-15,277.75,122479542.0,711142.0,277.343247
2020-04-16,278.96,133521580.0,748803.0,278.04097
2020-04-17,286.54,148426671.0,698621.0,284.662923
2020-04-20,281.76,101355962.0,600461.0,283.632992
2020-04-21,273.17,127506242.0,923553.0,274.390039
2020-04-22,279.04,95043515.0,527779.0,278.953655
2020-04-23,279.01,105334118.0,688624.0,281.098092
2020-04-24,282.89,85986704.0,437883.0,281.059972
2020-04-27,287.1,79453111.0,430208.0,286.713289
2020-04-28,285.69,107717695.0,582619.0,287.708972
2020-04-29,293.15,120029469.0,643392.0,293.078742
2020-04-30,290.63,125590429.0,650785.0,290.403838
2020-05-01,282.83,127002350.0,639155.0,283.292413
2020-05-04,283.59,81813464.0,460683.0,281.611363
2020-05-05,286.15,80363726.0,459766.0,287.679071
2020-05-06,284.34,74268760.0,436221.0,286.193986
2020-05-07,287.7,75995625.0,422689.0,288.300362
2020-05-08,292.51,77453400.0,384326.0,291.594618
2020-05-11,292.62,80185487.0,419262.0,292.283971
2020-05-12,286.55,96646578.0,473670.0,290.524376
2020-05-13,281.49,145925811.0,833465.0,282.308268
2020-05-14,285.04,122811653.0,751987.0,280.856964
2020-05-15,286.29,112236947.0,540607.0,284.361207
2020-05-18,294.94,121483062.0,574742.0,294.956433
2020-05-19,292.21,95902732.0,486353.0,294.570425
2020-05-20,297.03,88554554.0,414738.0,296.846244
2020-05-21,294.83,79080063.0,476463.0,295.446795
2020-05-22,295.48,64663504.0,346859.0,294.498686
2020-05-26,299.2,89907108.0,442148.0,300.525877
2020-05-27,303.55,105572911.0,559224.0,300.611763
2020-05-28,303.07,91346714.0,502019.0,304.633342
2020-05-29,304.49,120799423.0,666591.0,302.55242
2020-06-01,305.45,57566227.0,316837.0,305.130432
2020-06-02,308.08,75144357.0,385681.0,306.670078
2020-06-03,312.09,93420974.0,437731.0,311.679219
2020-06-04,311.34,76617786.0,423730.0,311.202576
2020-06-05,319.4,152027977.0,642100.0,319.34517
2020-06-08,323.15,74473679.0,402338.0,321.465888
2020-06-09,320.94,78168825.0,403506.0,320.975795
2020-06-10,319.03,95540117.0,548930.0,320.185771
2020-06-11,300.69,211170242.0,1214587.0,304.977176
2020-06-12,304.38,195502665.0,1162379.0,303.474933
2020-06-15,307.11,136778520.0,779014.0,303.79648
2020-06-16,312.75,138268268.0,808629.0,312.696408
2020-06-17,311.66,83772656.0,435974.0,312.648509
2020-06-18,311.76,81506001.0,419210.0,311.154959
2020-06-19,308.54,138791316.0,604336.0,310.174625
2020-06-22,310.67,75635183.0,401190.0,309.576547
2020-06-23,312.0,69441123.0,381408.0,313.147374
2020-06-24,304.21,134448956.0,751000.0,304.992727
2020-06-25,307.26,90448031.0,518562.0,304.637399
2020-06-26,300.09,129290930.0,667460.0,301.558597
2020-06-29,304.56,81216962.0,430064.0,302.521752
2020-06-30,308.94,116632172.0,523386.0,307.464148
2020-07-01,310.57,73485424.0,418496.0,310.647111
2020-07-02,312.19,70466596.0,433528.0,313.513928
2020-07-06,317.01,62530715.0,331250.0,316.463137
2020-07-07,313.77,83588153.0,398770.0,315.422516
2020-07-08,316.16,55444248.0,325902.0,314.885914
2020-07-09,314.6,84350421.0,471321.0,313.738883
2020-07-10,317.64,58345670.0,319926.0,315.894415
2020-07-13,314.81,104203275.0,527356.0,318.884915
2020-07-14,318.93,94625450.0,580272.0,316.078211
2020-07-15,321.98,88112557.0,501290.0,321.509296
2020-07-16,320.86,55079118.0,356447.0,320.098446
2020-07-17,321.7,64751031.0,323202.0,321.519994
2020-07-20,324.27,57817013.0,302425.0,323.269408
2020-07-21,324.9,58132689.0,337838.0,325.768497
2020-07-22,326.82,58800184.0,313092.0,325.893702
2020-07-23,322.95,76637748.0,442130.0,324.099131
2020-07-24,320.91,74375086.0,422025.0,320.696539
2020-07-27,323.27,49179907.0,260955.0,322.529426
2020-07-28,321.3,58306358.0,288275.0,322.364147
2020-07-29,325.01,49357443.0,275883.0,324.260864
2020-07-30,323.98,62381361.0,397285.0,322.539273
2020-07-31,326.4,85813672.0,446710.0,324.078817
